Workbook

Sheet 10
A7: DAFTAR MURID TAHUN AJARAN 2026/2027
A8: Kelas : X-A
A9: No | D9: Nama | E9: L/P | F9: Agm | G9: Mapel Seni
A10: Urt | B10: Induk | C10: NISN
A11: 1 | B11: 10273 | C11: 0109933591 | D11: ADELLIA DINNANTY SAPNA | E11: P | F11: Isl | G11: Rupa
A12: 2 | B12: 10295 | C12: 0116305799 | D12: ALVITA OLA RALITA | E12: P | F12: Kri | G12: Musik
A13: 3 | B13: 10296 | C13: 0107369712 | D13: AMELIA ANGGRAINI | E13: P | F13: Isl | G13: Musik
A14: 4 | B14: 10304 | C14: 0104956415 | D14: ANOM PUTRA WIBOWO | E14: L | F14: Isl | G14: Rupa
A15: 5 | B15: 10310 | C15: 0117051459 | D15: ATHANIA IKA NURLIA | E15: P | F15: Isl | G15: Musik
A16: 6 | B16: 10317 | C16: 0108846722 | D16: AYANA NUR AFINA | E16: P | F16: Isl | G16: Rupa
A17: 7 | B17: 10321 | C17: 0112711157 | D17: BAIQ KANIA KHAIRUNNISA | E17: P | F17: Isl | G17: Rupa
A18: 8 | B18: 10328 | C18: 0102800161 | D18: CAETRINE NIAMI | E18: P | F18: Kri | G18: Musik
A19: 9 | B19: 10329 | C19: 0102467225 | D19: CALLISTA QAULA PRAJA | E19: P | F19: Isl | G19: Rupa
A20: 10 | B20: 10332 | C20: 0117157210 | D20: CHRISNA WIRA DILAGA | E20: L | F20: Kri | G20: Musik
A21: 11 | B21: 10342 | C21: 0114184267 | D21: DIONISIUS ANUGERAH | E21: L | F21: Kri | G21: Musik
A22: 12 | B22: 10344 | C22: 0113709169 | D22: DORMA CITRA SAHRATULANI NAINGGOLAN | E22: P | F22: Kri | G22: Musik
... A46: 36 | B46: 10510 | C46: 0105159965 | D46: WARIH RACHMAN HAKIM | E46: L | F46: Isl | G46: Musik
A47: L | B47: =COUNTIF(E11:E46,A47) -> 10 | C47: Siswa | D47: Isl | E47: =COUNTIF(F11:F46,D47) -> 23
A48: P | B48: =COUNTIF(E11:E46,A48) -> 26 | C48: Siswa | D48: Kri | E48: =COUNTIF(F11:F46,D48) -> 13
A49: Jm | B49: =B47+B48 -> 36 | C49: Siswa | D49: Kat | E49: =COUNTIF(F11:F46,D49) -> 0
D50: Musik | E50: =COUNTIF(G11:G46,D50) -> 19
D51: Rupa | E51: =COUNTIF(G11:G46,D51) -> 17
A52: Kelas : X-B
A53: No | D53: Nama | E53: L/P | F53: Agm | G53: Mapel Seni
A54: Urt | B54: Induk | C54: NISN
A55: 1 | B55: 10276 | C55: 0121241305 | D55: AGATHA OLIVIA PUTRI | E55: P | F55: Kat | G55: Musik
A56: 2 | B56: 10278 | C56: 0105799113 | D56: AGUSTINUS VERGINANDO KENZI PRATAMA | E56: L | F56: Kat | G56: Musik
A57: 3 | B57: 10282 | C57: 0101599274 | D57: AIS ALKORI | E57: P | F57: Isl | G57: Rupa
A58: 4 | B58: 10298 | C58: 0119446611 | D58: ANASTASYA GALUH ANINDITA | E58: P | F58: Kat | G58: Rupa
A59: 5 | B59: 10303 | C59: 0107520799 | D59: ANNISA DWI FITRIANI | E59: P | F59: Isl | G59: Rupa
A60: 6 | B60: 10313 | C60: 0108815140 | D60: AULIA LAYLA ABDILLAH | E60: P | F60: Isl | G60: Rupa
A61: 7 | B61: 10330 | C61: 0109959911 | D61: CARISSA RISTINIA AUDREY | E61: P | F61: Isl | G61: Rupa
A62: 8 | B62: 10331 | C62: 0117229998 | D62: CHASNA' ANEEQA NUR'AINI | E62: P | F62: Isl | G62: Rupa
A63: 9 | B63: 10336 | C63: 0112253770 | D63: CYRILLA SVITZVALENZA DIOVANKA ASMARA | E63: P | F63: Kat | G63: Musik
A64: 10 | B64: 10340 | C64: 0102494081 | D64: DEA GYSCA RAFANI PUTRI | E64: P | F64: Isl | G64: Musik
A65: 11 | B65: 10366 | C65: 0112465743 | D65: GERARDUS PRADANA WIBISONO SANTOSA | E65: L | F65: Kat | G65: Musik
A66: 12 | B66: 10369 | C66: 0101233309 | D66: GRACIA BETREACE QUENNEL VALENTINE WANDAPUTRI | E66: P | F66: Kat | G66: Musik
... A90: 36 | B90: 10517 | C90: 0108447472 | D90: ZAHRA ADZKIA MUTHMAINAH | E90: P | F90: Isl | G90: Musik
A91: L | B91: =COUNTIF(E55:E90,A91) -> 10 | C91: Siswa | D91: Isl | E91: =COUNTIF(F55:F90,D91) -> 21
A92: P | B92: =COUNTIF(E55:E90,A92) -> 26 | C92: Siswa | D92: Kri | E92: =COUNTIF(F55:F90,D92) -> 0
A93: Jm | B93: =B91+B92 -> 36 | C93: Siswa | D93: Kat | E93: =COUNTIF(F55:F90,D93) -> 15
D94: Musik | E94: =COUNTIF(G55:G90,D94) -> 19
D95: Rupa | E95: =COUNTIF(G55:G90,D95) -> 17
A96: Kelas : X-C
A97: No | D97: Nama | E97: L/P | F97: Agm | G97: Mapel Seni
A98: Urt | B98: Induk | C98: NISN
A99: 1 | B99: 10284 | C99: 0116813646 | D99: AISYAH TAFRIJIYYAH AS SINA | E99: P | F99: Isl | G99: Rupa
A100: 2 | B100: 10288 | C100: 0108224806 | D100: ALEENA ASA ZABRINA | E100: P | F100: Isl | G100: Rupa
A101: 3 | B101: 10289 | C101: 0101085501 | D101: ALFINO RESTU AULIA | E101: L | F101: Isl | G101: Rupa
A102: 4 | B102: 10291 | C102: 0101938651 | D102: ALIF DAMAR RAMADHAN | E102: L | F102: Isl | G102: Rupa
A103: 5 | B103: 10293 | C103: 0101601529 | D103: ALMIRA SAYYIDINA | E103: P | F103: Isl | G103: Rupa
A104: 6 | B104: 10294 | C104: 0108125151 | D104: ALSA FA'UZIAH | E104: P | F104: Isl | G104: Rupa
A105: 7 | B105: 10300 | C105: 0107966844 | D105: ANINDITYA CHIQUITA NUGRAHENY | E105: P | F105: Isl | G105: Rupa
A106: 8 | B106: 10302 | C106: 0111024123 | D106: ANNISA ADI SHOFIA | E106: P | F106: Isl | G106: Rupa
A107: 9 | B107: 10312 | C107: 0105796777 | D107: AUFA NARA THARIZABELA | E107: P | F107: Isl | G107: Rupa
A108: 10 | B108: 10322 | C108: 0102239537 | D108: BAKTI NAYOTTAMA | E108: L | F108: Isl | G108: Rupa
A109: 11 | B109: 10352 | C109: 0113864770 | D109: FACHRI ACHMAD ADITAMA | E109: L | F109: Isl | G109: Rupa
A110: 12 | B110: 10353 | C110: 0102634565 | D110: FADILLA ZULFA KHOIRUNISA | E110: P | F110: Isl | G110: Rupa
... A134: 36 | B134: 10520 | C134: 0106053228 | D134: ZASTRIA EKA NURAHMAH | E134: P | F134: Isl | G134: Rupa
A135: L | B135: =COUNTIF(E99:E134,A135) -> 12 | C135: Siswa | D135: Isl | E135: =COUNTIF(F99:F134,D135) -> 36
A136: P | B136: =COUNTIF(E99:E134,A136) -> 24 | C136: Siswa | D136: Kri | E136: =COUNTIF(F99:F134,D136) -> 0
A137: Jm | B137: =B135+B136 -> 36 | C137: Siswa | D137: Kat | E137: =COUNTIF(F99:F134,D137) -> 0
D138: Musik | E138: =COUNTIF(G99:G134,D138) -> 0
D139: Rupa | E139: =COUNTIF(G99:G134,D139) -> 36
A140: Kelas : X-D
A141: No | D141: Nama | E141: L/P | F141: Agm | G141: Mapel Seni
A142: Urt | B142: Induk | C142: NISN
A143: 1 | B143: 10272 | C143: 0112347778 | D143: ADELIA NAFI | E143: P | F143: Isl | G143: Rupa
A144: 2 | B144: 10292 | C144: 0103244611 | D144: ALMIRA DELISHA NUR NABILA | E144: P | F144: Isl | G144: Rupa
A145: 3 | B145: 10309 | C145: 0108089000 | D145: ASKA BAGAS NUR ADITYA | E145: L | F145: Isl | G145: Rupa
A146: 4 | B146: 10325 | C146: 0101469773 | D146: BINTANG APRIL PATRICIA | E146: P | F146: Isl | G146: Rupa
A147: 5 | B147: 10337 | C147: 0108520792 | D147: DAMAR MAULANA IBRAHIM | E147: L | F147: Isl | G147: Rupa
A148: 6 | B148: 10350 | C148: 0119489169 | D148: ESYAH DWI WIDYANINGRUM | E148: P | F148: Isl | G148: Rupa
A149: 7 | B149: 10356 | C149: 0102705868 | D149: FAIZAL ALDI FATHULLAH | E149: L | F149: Isl | G149: Rupa
A150: 8 | B150: 10359 | C150: 0109558942 | D150: FEBRIANO VALEN KEIHAN | E150: L | F150: Isl | G150: Rupa
A151: 9 | B151: 10362 | C151: 0112805774 | D151: FINATA ELVIANI | E151: P | F151: Isl | G151: Rupa
A152: 10 | B152: 10375 | C152: 0114265738 | D152: HELENA RASYID | E152: P | F152: Isl | G152: Rupa
A153: 11 | B153: 10376 | C153: 3102176704 | D153: HERA PUTRI SELFIANI | E153: P | F153: Isl | G153: Rupa
A154: 12 | B154: 10383 | C154: 0118670737 | D154: IHSAN ZAKY ERLANDI | E154: L | F154: Isl | G154: Rupa
... A177: 35 | B177: 10498 | C177: 0103306996 | D177: SYIFA ATHA KAYYASAH ARIFIN | E177: P | F177: Isl | G177: Rupa
A178: 36
A179: L | B179: =COUNTIF(E143:E178,A179) -> 12 | C179: Siswa | D179: Isl | E179: =COUNTIF(F143:F178,D179) -> 35
A180: P | B180: =COUNTIF(E143:E178,A180) -> 23 | C180: Siswa | D180: Kri | E180: =COUNTIF(F143:F178,D180) -> 0
A181: Jm | B181: =B179+B180 -> 35 | C181: Siswa | D181: Kat | E181: =COUNTIF(F143:F178,D181) -> 0
D182: Musik | E182: =COUNTIF(G143:G178,D182) -> 0
D183: Rupa | E183: =COUNTIF(G143:G178,D183) -> 35
A184: Kelas : X-E
A185: No | D185: Nama | E185: L/P | F185: Agm | G185: Mapel Seni
A186: Urt | B186: Induk | C186: NISN
A187: 1 | B187: 10275 | C187: 0117070877 | D187: ADINDA PUTRI | E187: P | F187: Isl | G187: Musik
A188: 2 | B188: 10279 | C188: 3107282465 | D188: AHMAD MUWAFIQ | E188: L | F188: Isl | G188: Musik
A189: 3 | B189: 10283 | C189: 0108651469 | D189: AISAH MULIYA SARI | E189: P | F189: Isl | G189: Musik
A190: 4 | B190: 10285 | C190: 0114509791 | D190: AL FATH VERLIFZA NOVERIAWAN | E190: L | F190: Isl | G190: Musik
A191: 5 | B191: 10297 | C191: 0111705226 | D191: AMIRA LATIFA AZZAHRA | E191: P | F191: Isl | G191: Musik
A192: 6 | B192: 10301 | C192: 0119605821 | D192: ANISA NUR FAIZZA | E192: P | F192: Isl | G192: Musik
A193: 7 | B193: 10305 | C193: 0102297860 | D193: AQIL HABIBURAHIM | E193: L | F193: Isl | G193: Musik
A194: 8 | B194: 10306 | C194: 0109824688 | D194: ARDINA KIRANIA PUTRI | E194: P | F194: Isl | G194: Musik
A195: 9 | B195: 10311 | C195: 0108259304 | D195: ATTARHEA NAFISA ZERLINDA MARVA | E195: P | F195: Isl | G195: Musik
A196: 10 | B196: 10314 | C196: 0116351688 | D196: AURELLIA PUTRI ALITA | E196: P | F196: Isl | G196: Musik
A197: 11 | B197: 10323 | C197: 0105128675 | D197: BALQIST RAHMADANI | E197: P | F197: Isl | G197: Musik
...

Sheet 11
A7: DAFTAR MURID TAHUN AJARAN 2026/2027
A8: Kelas : XI-A, Mapel pilihan : Bio, Kim, Antro, Sos
A9: No | D9: Nama | E9: L/P | F9: Agm | G9: Mapel Seni
A10: Urt | B10: Induk | C10: NISN
A11: 1 | B11: 10020 | C11: 0093164669 | D11: AFALA KARLA MAJID | E11: P | F11: Isl | G11: Musik
A12: 2 | B12: 10027 | C12: 0099659265 | D12: AISA IFFATUSSOLIHA | E12: P | F12: Isl | G12: Musik
A13: 3 | B13: 10036 | C13: 0097927590 | D13: ALMIRA RAMADHINTA | E13: P | F13: Isl | G13: Rupa
A14: 4 | B14: 10041 | C14: 0093093783 | D14: ANDINA WULAN RAHMADANI | E14: P | F14: Isl | G14: Musik
A15: 5 | B15: 10042 | C15: 0107309612 | D15: ANDIRATU LIEBISYA | E15: P | F15: Isl | G15: Rupa
A16: 6 | B16: 10046 | C16: 0104863682 | D16: ANIES PRAMUDYA YUNISSA | E16: P | F16: Isl | G16: Musik
A17: 7 | B17: 10047 | C17: 0092061539 | D17: ANINDYA ANITA WIDYANTARI | E17: P | F17: Isl | G17: Musik
A18: 8 | B18: 10049 | C18: 3094841739 | D18: ANNISA NUR RAHMADANI | E18: P | F18: Isl | G18: Musik
A19: 9 | B19: 10059 | C19: 0098047853 | D19: AULIA RAMADHANI | E19: P | F19: Isl | G19: Musik
A20: 10 | B20: 10079 | C20: 0103784466 | D20: DAYYAN RAFIF ARKANANTA | E20: L | F20: Isl | G20: Musik
A21: 11 | B21: 10089 | C21: 0096074416 | D21: DZAKI LUKMANA | E21: L | F21: Isl | G21: Musik
A22: 12 | B22: 10093 | C22: 0096323158 | D22: ELVINOLA NERRA MAHESWARI | E22: P | F22: Isl | G22: Musik
... A46: 36 | B46: 10263 | C46: 0105261584 | D46: ZARIFAH HANIF LATIFAH | E46: P | F46: Isl | G46: Rupa
A47: L | B47: =COUNTIF(E11:E46,A47) -> 8 | C47: Siswa | D47: Isl | E47: =COUNTIF(F11:F46,D47) -> 34
A48: P | B48: =COUNTIF(E11:E46,A48) -> 28 | C48: Siswa | D48: Kri | E48: =COUNTIF(F11:F46,D48) -> 1
A49: Jm | B49: =B47+B48 -> 36 | C49: Siswa | D49: Kat | E49: =COUNTIF(F11:F46,D49) -> 1
D50: Musik | E50: =COUNTIF(G11:G46,D50) -> 25
D51: Rupa | E51: =COUNTIF(G11:G46,D51) -> 11
A52: Kelas : XI-B, Mapel pilihan : Mat-L, Fis, Kim, Bio
A53: No | D53: Nama | E53: L/P | F53: Agm | G53: Mapel Seni
A54: Urt | B54: Induk | C54: NISN
A55: 1 | B55: 10028 | C55: 0119538891 | D55: AISYAH LADITA PUTRI HANDAYANI | E55: P | F55: Isl | G55: Musik
A56: 2 | B56: 10033 | C56: 0101954540 | D56: ALIFA SIWI NURIYATUN | E56: P | F56: Isl | G56: Musik
A57: 3 | B57: 10043 | C57: 0103601998 | D57: ANGGI YULIA PRATIWI | E57: P | F57: Isl | G57: Musik
A58: 4 | B58: 10044 | C58: 0096274191 | D58: ANGGITA FITRI CAHYA RAHMADANI | E58: P | F58: Isl | G58: Musik
A59: 5 | B59: 10052 | C59: 0097709136 | D59: ARSYA RHANA ARVIANDA | E59: P | F59: Isl | G59: Musik
A60: 6 | B60: 10057 | C60: 0092968728 | D60: ATIKA RIA ISTIQOMAH | E60: P | F60: Isl | G60: Rupa
A61: 7 | B61: 10069 | C61: 0105723794 | D61: CAHYA RESTU PERMADI | E61: L | F61: Isl | G61: Rupa
A62: 8 | B62: 10076 | C62: 0098446995 | D62: CYNTHIA RAHMAWATI | E62: P | F62: Isl | G62: Musik
A63: 9 | B63: 10078 | C63: 0093365514 | D63: DARIEL ANGGA FADRIANZA | E63: L | F63: Isl | G63: Musik
A64: 10 | B64: 10097 | C64: 0098452220 | D64: FAIZA DAFFA MAHARDIKA | E64: L | F64: Isl | G64: Musik
A65: 11 | B65: 10102 | C65: 0093250361 | D65: FIKA MARLIDA | E65: P | F65: Isl | G65: Musik
A66: 12 | B66: 10128 | C66: 0096456361 | D66: IRSYAD CHABIBUROCHMAN HIDAYAT | E66: L | F66: Isl | G66: Rupa
... A90: 36 | B90: 10259 | C90: 0094943882 | D90: ZAHRA EARLY NASHIFA | E90: P | F90: Isl | G90: Rupa
A91: L | B91: =COUNTIF(E55:E90,A91) -> 10 | C91: Siswa | D91: Isl | E91: =COUNTIF(F55:F90,D91) -> 34
A92: P | B92: =COUNTIF(E55:E90,A92) -> 26 | C92: Siswa | D92: Kri | E92: =COUNTIF(F55:F90,D92) -> 2
A93: Jm | B93: =B91+B92 -> 36 | C93: Siswa | D93: Kat | E93: =COUNTIF(F55:F90,D93) -> 0
D94: Musik | E94: =COUNTIF(G55:G90,D94) -> 26
D95: Rupa | E95: =COUNTIF(G55:G90,D95) -> 10
A96: Kelas : XI-C, Mapel Pilihan: Mat-L, Fis, Inf, B. Jerm.
A97: No | D97: Nama | E97: L/P | F97: Agm | G97: Mapel Seni
A98: Urt | B98: Induk | C98: NISN
A99: 1 | B99: 10018 | C99: 0095398898 | D99: ADIB MIFTAHUL HUDA | E99: L | F99: Isl | G99: Rupa
A100: 2 | B100: 10019 | C100: 0102196353 | D100: ADIRA ESTINING TIYAS | E100: P | F100: Isl | G100: Musik
A101: 3 | B101: 10023 | C101: 0108246023 | D101: AHNAF ARSYAD NARAYAN | E101: L | F101: Isl | G101: Musik
A102: 4 | B102: 10025 | C102: 3101010080 | D102: AIRA NAUREEN SYIFA HAFIZHA | E102: P | F102: Isl | G102: Musik
A103: 5 | B103: 10029 | C103: 3098833552 | D103: AKHSAN AR ROUF | E103: L | F103: Isl | G103: Rupa
A104: 6 | B104: 10034 | C104: 3106674881 | D104: AL-KAUSAR PAMUNGKAS | E104: L | F104: Isl | G104: Rupa
A105: 7 | B105: 10051 | C105: 0099357978 | D105: ARLA AZZURA | E105: P | F105: Isl | G105: Musik
A106: 8 | B106: 10060 | C106: 0095880466 | D106: AYUDIA WULANDARI | E106: P | F106: Isl | G106: Rupa
A107: 9 | B107: 10080 | C107: 0109633906 | D107: DEAN NABEEL ALFANDI | E107: L | F107: Isl | G107: Musik
A108: 10 | B108: 10083 | C108: 0095835849 | D108: DESNIKA PUTRI ANDINI | E108: P | F108: Isl | G108: Musik
A109: 11 | B109: 10095 | C109: 0108136544 | D109: FADIYAH PAMBAYUN WANDARI | E109: P | F109: Isl | G109: Rupa
A110: 12 | B110: 10096 | C110: 0097767581 | D110: FAHRUSANI ADYUTA AMRI | E110: L | F110: Isl | G110: Rupa
... A134: 36 | B134: 10265 | C134: 0096130236 | D134: ZEFANYA ADIKA MARENDA | E134: L | F134: Kri | G134: Rupa
A135: L | B135: =COUNTIF(E99:E134,A135) -> 20 | C135: Siswa | D135: Isl | E135: =COUNTIF(F99:F134,D135) -> 30
A136: P | B136: =COUNTIF(E99:E134,A136) -> 16 | C136: Siswa | D136: Kri | E136: =COUNTIF(F99:F134,D136) -> 3
A137: Jm | B137: =B135+B136 -> 36 | C137: Siswa | D137: Kat | E137: =COUNTIF(F99:F134,D137) -> 3
D138: Musik | E138: =COUNTIF(G99:G134,D138) -> 16
D139: Rupa | E139: =COUNTIF(G99:G134,D139) -> 20
A140: Kelas : XI-D, Mapel pilihan: Fis, Kim, Bio, B. Ing-L
A141: No | D141: Nama | E141: L/P | F141: Agm | G141: Mapel Seni
A142: Urt | B142: Induk | C142: NISN
A143: 1 | B143: 10022 | C143: 0098889420 | D143: AHMAD RIFQI BUKHARI | E143: L | F143: Isl | G143: Musik
A144: 2 | B144: 10030 | C144: 0097056132 | D144: ALBINA KHANZA RAMADHANIY | E144: P | F144: Isl | G144: Musik
A145: 3 | B145: 10040 | C145: 0093265441 | D145: ANDINA KALISTA RAHMADANI | E145: P | F145: Isl | G145: Musik
A146: 4 | B146: 10063 | C146: 0097784885 | D146: AZZAHRA SYIFANI PUTRI NAWANGWULAN | E146: P | F146: Isl | G146: Musik
A147: 5 | B147: 10066 | C147: 3102293724 | D147: BRILLIAN GALUH PRAMUDITA | E147: P | F147: Isl | G147: Musik
A148: 6 | B148: 10067 | C148: 0096871911 | D148: BRILLIANT FADHIL NAUFALI AZA | E148: L | F148: Isl | G148: Rupa
A149: 7 | B149: 10072 | C149: 0097053977 | D149: CHINTYA PUTRI MAHARANI | E149: P | F149: Isl | G149: Rupa
A150: 8 | B150: 10073 | C150: 0102529485 | D150: CHYNTIARA AUFAA YUNITA | E150: P | F150: Isl | G150: Rupa
A151: 9 | B151: 10075 | C151: 0096564002 | D151: CLARISA LEVIDYA SANGSAELA | E151: P | F151: Isl | G151: Rupa
A152: 10 | B152: 10077 | C152: 0091139443 | D152: DAFINA PUTRI | E152: P | F152: Isl | G152: Musik
A153: 11 | B153: 10085 | C153: 0096405345 | D153: DHEDIA ANGGUR RARAS KANINDITA | E153: P | F153: Kri | G153: Musik
A154: 12 | B154: 10090 | C154: 0092346630 | D154: ELFREDA RAHMA TALITHA | E154: P | F154: Isl | G154: Musik
... A178: 36 | B178: 10257 | C178: 0096001172 | D178: YUDHISTIRA REZKY RAMADHAN | E178: L | F178: Isl | G178: Rupa
A179: L | B179: =COUNTIF(E143:E178,A179) -> 6 | C179: Siswa | D179: Isl | E179: =COUNTIF(F143:F178,D179) -> 32
A180: P | B180: =COUNTIF(E143:E178,A180) -> 30 | C180: Siswa | D180: Kri | E180: =COUNTIF(F143:F178,D180) -> 3
A181: Jm | B181: =B179+B180 -> 36 | C181: Siswa | D181: Kat | E181: =COUNTIF(F143:F178,D181) -> 1
D182: Musik | E182: =COUNTIF(G143:G178,D182) -> 23
D183: Rupa | E183: =COUNTIF(G143:G178,D183) -> 13
A184: Kelas : XI-E, Mapel pilihan: Geo, Eko, Sos, B. Ing-L
A185: No | D185: Nama | E185: L/P | F185: Agm | G185: Mapel Seni
A186: Urt | B186: Induk | C186: NISN
A187: 1 | B187: 10035 | C187: 0092455510 | D187: ALLENA AULIA KINANTI | E187: P | F187: Isl | G187: Musik
A188: 2 | B188: 10037 | C188: 3097706249 | D188: ALMYRA AR RIVIA OKTABERLIAN | E188: P | F188: Isl | G188: Musik
A189: 3 | B189: 10045 | C189: 0101508305 | D189: ANGGRE MUKTIA DINATA | E189: P | F189: Isl | G189: Musik
A190: 4 | B190: 10055 | C190: 0108510437 | D190: ATHALIA ZASKI ELVINA HANANDOYO | E190: P | F190: Isl | G190: Musik
A191: 5 | B191: 10062 | C191: 0101998565 | D191: AZIZAH PRAWATI RAHMAPRILIA | E191: P | F191: Isl | G191: Rupa
A192: 6 | B192: 10064 | C192: 0094471635 | D192: BALINDRA HAFIZ JAGADDHITA | E192: L | F192: Isl | G192: Rupa
A193: 7 | B193: 10065 | C193: 0103783708 | D193: BRIGITA RENNITA SARI | E193: P | F193: Kat | G193: Musik
A194: 8 | B194: 10070 | C194: 0109980996 | D194: CALLISTA DARIN NABIILAH | E194: P | F194: Isl | G194: Musik
A195: 9 | B195: 10082 | C195: 0093752467 | D195: DESIKA DETA OKTAVIANA | E195: P | F195: Isl | G195: Musik
A196: 10 | B196: 10084 | C196: 0098191343 | D196: DHAWY ALYA HAURA | E196: P | F196: Isl | G196: Rupa
A197: 11 | B197: 10086 | C197: 0096549270 | D197: DIONISIUS LUHUNG ANANTA | E197: L | F197: Kat | G197: Musik
A198: 12 | B198: 10087 | C198: 3091566943 | D198: DIVA ATHIFAH SANDHI | E198: P | F198: Isl | G198: Rupa
...

Sheet 12
A7: DAFTAR MURID TAHUN AJARAN 2026/2027
A8: Kelas : XII-A, Mapel pilihan : Bio, Fis, Kim, Mat-L
A9: No | D9: Nama | E9: L/P | F9: Agm | G9: Mapel Seni
A10: Urt | B10: Induk | C10: NISN
A11: 1 | B11: 9764 | C11: 0098722268 | D11: ABIGAIL JASMINE ALYA DEWANTI | E11: P | F11: Isl | G11: Musik
A12: 2 | B12: 9772 | C12: 0097300072 | D12: AFIFAH MAQFIROH | E12: P | F12: Isl | G12: Musik
A13: 3 | B13: 9778 | C13: 0081757509 | D13: AHMAD KHOIRUL HUDA ROSYADAN | E13: L | F13: Isl | G13: Musik
A14: 4 | B14: 9786 | C14: 0089293035 | D14: ALBERTUS DAVIN PRATAMA | E14: L | F14: Kat | G14: Rupa
A15: 5 | B15: 9789 | C15: 0095280585 | D15: ALFIYYAH NUR FAUZIA | E15: P | F15: Isl | G15: Rupa
A16: 6 | B16: 9800 | C16: 0086307949 | D16: ANGGUN KARUNIASARI | E16: P | F16: Isl | G16: Musik
A17: 7 | B17: 9815 | C17: 0085671014 | D17: AVRELYA HANIF ANJANI | E17: P | F17: Isl | G17: Musik
A18: 8 | B18: 9819 | C18: 0083020646 | D18: BELVA PUTRI ALEXA | E18: P | F18: Isl | G18: Musik
A19: 9 | B19: 9827 | C19: 0077897295 | D19: CHELCEA OCTAVIA | E19: P | F19: Isl | G19: Rupa
A20: 10 | B20: 9834 | C20: 0083329841 | D20: DAFFA AFNAN FEYZA | E20: L | F20: Isl | G20: Musik
A21: 11 | B21: 9843 | C21: 0091673944 | D21: DIAS ANGGER WICAKSONO | E21: L | F21: Isl | G21: Musik
A22: 12 | B22: 9850 | C22: 0082700913 | D22: EKA SURYANI RAHAYU | E22: P | F22: Kat | G22: Musik
... A46: 36 | B46: 10011 | C46: 0099531940 | D46: ZAHRA ARINDANI SETYANINGRUM | E46: P | F46: Isl | G46: Musik
A47: L | B47: =COUNTIF(E11:E46,A47) -> 11 | C47: Siswa | D47: Isl | E47: =COUNTIF(F11:F46,D47) -> 33
A48: P | B48: =COUNTIF(E11:E46,A48) -> 25 | C48: Siswa | D48: Kri | E48: =COUNTIF(F11:F46,D48) -> 0
A49: Jm | B49: =B47+B48 -> 36 | C49: Siswa | D49: Kat | E49: =COUNTIF(F11:F46,D49) -> 3
D50: Musik | E50: =COUNTIF(G11:G46,D50) -> 27
D51: Rupa | E51: =COUNTIF(G11:G46,D51) -> 9
A52: Kelas : XII-B, Mapel pilihan : Bio, Fis, Kim, B. Jerm
A53: No | D53: Nama | E53: L/P | F53: Agm | G53: Mapel Seni
A54: Urt | B54: Induk | C54: NISN
A55: 1 | B55: 9799 | C55: 0082381605 | D55: ANGGITA PRIHATINA | E55: P | F55: Isl | G55: Musik
A56: 2 | B56: 9807 | C56: 0098153949 | D56: ARDINA SYAFA PRAMESTI | E56: P | F56: Isl | G56: Musik
A57: 3 | B57: 9808 | C57: 0097377350 | D57: ARSHINTA RAYYA PUTRI PURBANTORO | E57: P | F57: Isl | G57: Rupa
A58: 4 | B58: 9810 | C58: 0097712081 | D58: AULIA ARTIKA SARI | E58: P | F58: Isl | G58: Musik
A59: 5 | B59: 9813 | C59: 0093352620 | D59: AURELLIA KRISTIANTI | E59: P | F59: Isl | G59: Musik
A60: 6 | B60: 9816 | C60: 0095807578 | D60: AYRA MALIKA | E60: P | F60: Isl | G60: Rupa
A61: 7 | B61: 9830 | C61: 0092464693 | D61: CHUSNIA PUTRI NURUL A'LAA | E61: P | F61: Isl | G61: Musik
A62: 8 | B62: 9835 | C62: 0085207000 | D62: DARIN KHUSNUL MAHFUDHAH | E62: P | F62: Isl | G62: Rupa
A63: 9 | B63: 9851 | C63: 0098569842 | D63: ELISABETH CINTA CLARA PUSPITASARI | E63: P | F63: Kri | G63: Musik
A64: 10 | B64: 9854 | C64: 0096942071 | D64: ERLINDA AURA ATHALIA | E64: P | F64: Kat | G64: Musik
A65: 11 | B65: 9856 | C65: 0092508012 | D65: EURICA VALIYAN | E65: P | F65: Isl | G65: Musik
A66: 12 | B66: 9859 | C66: 0098077127 | D66: FAHRI ALI KHADAFI | E66: L | F66: Isl | G66: Musik
... A90: 36 | B90: 10012 | C90: 0091457379 | D90: ZHAFIRA ILYAKHALILA FATIHANNAFI | E90: P | F90: Isl | G90: Musik
A91: L | B91: =COUNTIF(E55:E90,A91) -> 10 | C91: Siswa | D91: Isl | E91: =COUNTIF(F55:F90,D91) -> 34
A92: P | B92: =COUNTIF(E55:E90,A92) -> 26 | C92: Siswa | D92: Kri | E92: =COUNTIF(F55:F90,D92) -> 1
A93: Jm | B93: =B91+B92 -> 36 | C93: Siswa | D93: Kat | E93: =COUNTIF(F55:F90,D93) -> 1
D94: Musik | E94: =COUNTIF(G55:G90,D94) -> 20
D95: Rupa | E95: =COUNTIF(G55:G90,D95) -> 16
A96: Kelas : XII-C, Mapel pilihan : Bio, Fis, Kim, Eko
A97: No | D97: Nama | E97: L/P | F97: Agm | G97: Mapel Seni
A98: Urt | B98: Induk | C98: NISN
A99: 1 | B99: 9763 | C99: 0099410348 | D99: ABEL TRI ANGGRAENI | E99: P | F99: Isl | G99: Musik
A100: 2 | B100: 9770 | C100: 0098198114 | D100: AFIANA LUTFIA PERMATASARI | E100: P | F100: Isl | G100: Musik
A101: 3 | B101: 9777 | C101: 0098568856 | D101: AHMAD BAGUS IHSANUDIN | E101: L | F101: Isl | G101: Musik
A102: 4 | B102: 9780 | C102: 0091399676 | D102: AIDA DAYANI PUTRI | E102: P | F102: Isl | G102: Musik
A103: 5 | B103: 9787 | C103: 0084352093 | D103: ALFA'I RISMA | E103: L | F103: Isl | G103: Musik
A104: 6 | B104: 9788 | C104: 0091830640 | D104: ALFIRA NINDYA KHOIRUNNISA | E104: P | F104: Isl | G104: Rupa
A105: 7 | B105: 9791 | C105: 0083820217 | D105: ALIFTA OKTAVIANA | E105: P | F105: Isl | G105: Rupa
A106: 8 | B106: 9802 | C106: 0094403171 | D106: ANINDITA NOOR MITHA ASA PRAWESTI | E106: P | F106: Isl | G106: Musik
A107: 9 | B107: 9811 | C107: 0088359570 | D107: AULIA NINDY AGUSTIN | E107: P | F107: Isl | G107: Musik
A108: 10 | B108: 9821 | C108: 0098858698 | D108: BILGHIZ NURUL KHUSNA | E108: P | F108: Isl | G108: Musik
A109: 11 | B109: 9823 | C109: 0082567454 | D109: BREVI ANASAY BARGIYAN PUTRI | E109: P | F109: Isl | G109: Musik
A110: 12 | B110: 9828 | C110: 0091869678 | D110: CHELSEA NASILA PUTRI | E110: P | F110: Isl | G110: Rupa
... A134: 36 | B134: 10010 | C134: 0083546285 | D134: YULIA REGITA CAHYANI | E134: P | F134: Isl | G134: Rupa
A135: L | B135: =COUNTIF(E99:E134,A135) -> 4 | C135: Siswa | D135: Isl | E135: =COUNTIF(F99:F134,D135) -> 36
A136: P | B136: =COUNTIF(E99:E134,A136) -> 32 | C136: Siswa | D136: Kri | E136: =COUNTIF(F99:F134,D136) -> 0
A137: Jm | B137: =B135+B136 -> 36 | C137: Siswa | D137: Kat | E137: =COUNTIF(F99:F134,D137) -> 0
D138: Musik | E138: =COUNTIF(G99:G134,D138) -> 26
D139: Rupa | E139: =COUNTIF(G99:G134,D139) -> 10
A140: Kelas : XII-D, Mapel pilihan: Geo, Sos, Eko, B. Jerm
A141: No | D141: Nama | E141: L/P | F141: Agm | G141: Mapel Seni
A142: Urt | B142: Induk | C142: NISN
A143: 1 | B143: 9773 | C143: 0087355557 | D143: AFIFAH RISYDA ARZANA | E143: P | F143: Isl | G143: Musik
A144: 2 | B144: 9776 | C144: 0092007882 | D144: AGUSTIN WULAN PANGESTU | E144: P | F144: Kat | G144: Rupa
A145: 3 | B145: 9795 | C145: 0098129149 | D145: AMIRA NEYSA AINUN MAHYA | E145: P | F145: Isl | G145: Musik
A146: 4 | B146: 9804 | C146: 0085298764 | D146: ANINDYA WINANTHI PUTRI | E146: P | F146: Kri | G146: Musik
A147: 5 | B147: 9806 | C147: 0097121795 | D147: ANYA UTVIANA | E147: P | F147: Isl | G147: Musik
A148: 6 | B148: 9817 | C148: 0096666816 | D148: AYUSKA AYUDIAH | E148: P | F148: Isl | G148: Musik
A149: 7 | B149: 9818 | C149: 0096975186 | D149: BELLA RATRI PRADIPTA | E149: P | F149: Isl | G149: Musik
A150: 8 | B150: 9820 | C150: 0099600362 | D150: BESSTYAN HASTA PRASETYA | E150: L | F150: Kri | G150: Musik
A151: 9 | B151: 9822 | C151: 0095462469 | D151: BILQIS INDIANA AGUNG | E151: P | F151: Isl | G151: Musik
A152: 10 | B152: 9825 | C152: 0081090506 | D152: CALLISTA AMEILIA ROSANTI | E152: P | F152: Isl | G152: Musik
A153: 11 | B153: 9831 | C153: 0085597366 | D153: CLAUDIA KEZIA CHERILLIA | E153: P | F153: Kri | G153: Rupa
A154: 12 | B154: 9837 | C154: 0093044287 | D154: DAVINA WIDYA LESTARI | E154: P | F154: Isl | G154: Musik
... A178: 36 | B178: 10007 | C178: 0103715683 | D178: VALLERY ANINDYA MAHARANI | E178: P | F178: Kat | G178: Musik
A179: L | B179: =COUNTIF(E143:E178,A179) -> 8 | C179: Siswa | D179: Isl | E179: =COUNTIF(F143:F178,D179) -> 23
A180: P | B180: =COUNTIF(E143:E178,A180) -> 28 | C180: Siswa | D180: Kri | E180: =COUNTIF(F143:F178,D180) -> 6
A181: Jm | B181: =B179+B180 -> 36 | C181: Siswa | D181: Kat | E181: =COUNTIF(F143:F178,D181) -> 7
D182: Musik | E182: =COUNTIF(G143:G178,D182) -> 31
D183: Rupa | E183: =COUNTIF(G143:G178,D183) -> 5
A184: Kelas : XII-E, Mapel pilihan: Geo, Sos, Eko, Antro
A185: No | D185: Nama | E185: L/P | F185: Agm | G185: Mapel Seni
A186: Urt | B186: Induk | C186: NISN
A187: 1 | B187: 9766 | C187: 3081286693 | D187: ADEF HAAFIDH BAHRONI | E187: L | F187: Isl | G187: Musik
A188: 2 | B188: 9769 | C188: 0092379766 | D188: ADYLA PUSPITANINGRUM | E188: P | F188: Isl | G188: Musik
A189: 3 | B189: 9774 | C189: 0089261588 | D189: AGHNA KHAYRU RINJANI | E189: P | F189: Isl | G189: Rupa
A190: 4 | B190: 9775 | C190: 0086635052 | D190: AGUSTIN PRABOWO BUDIHARJO | E190: L | F190: Isl | G190: Musik
A191: 5 | B191: 9779 | C191: 0085219903 | D191: AHMAD MUFID FAUZAN | E191: L | F191: Isl | G191: Musik
A192: 6 | B192: 9781 | C192: 0084463999 | D192: AISHECCA CINTA SALFFA AZHARA | E192: P | F192: Isl | G192: Musik
A193: 7 | B193: 9782 | C193: 0099449687 | D193: AISYAH ANINDITA PUTRI | E193: P | F193: Isl | G193: Rupa
A194: 8 | B194: 9784 | C194: 0091892748 | D194: AKBAR RAFFELINO HAKIM | E194: L | F194: Isl | G194: Rupa
A195: 9 | B195: 9785 | C195: 3096928666 | D195: AKHBAR WIJAYA | E195: L | F195: Isl | G195: Rupa
A196: 10 | B196: 9790 | C196: 0097655949 | D196: ALIFAH ANINDITA FIBAM DANISWARA | E196: P | F196: Isl | G196: Rupa
A197: 11 | B197: 9797 | C197: 0081918519 | D197: ANDIKA BAGOES PRASTYO | E197: L | F197: Isl | G197: Musik
A198: 12 | B198: 9798 | C198: 0083822104 | D198: ANGGIE FEBRIANA DWI HANDONO | E198: P | F198: Isl | G198: Musik
...

Sheet rekap
B2: (Sementara) Formasi Kelas TA 2026/2027 | Y2: SMAN 2 Wonosari
Y3: Mapel Pilihan Kelas XI+XII TA 2026/2027
C4: X-A | D4: X-B | E4: X-C | F4: X-D | G4: X-E | H4: X-F | I4: X-G | J4: XI-A | K4: XI-B | L4: XI-C | M4: XI-D | N4: XI-E | O4: XI-F | P4: XI-G | Q4: XII-A | R4: XII-B | S4: XII-C | T4: XII-D | U4: XII-E | V4: XII-F | W4: XII-G | Y4: No | Z4: XI-A | AA4: XI-B | AB4: XI-C | AC4: XI-D | AD4: XI-E | AE4: XI-F | AF4: XI-G | AG4: XII-A | AH4: XII-B | AI4: XII-C | AJ4: XII-D | AK4: XII-E | AL4: XII-F | AM4: XII-G
B5: L | C5: ='10'!B47 -> 10 | D5: ='10'!B91 -> 10 | E5: ='10'!B135 -> 12 | F5: ='10'!B179 -> 12 | G5: ='10'!B223 -> 12 | H5: ='10'!B267 -> 12 | I5: ='10'!B311 -> 12 | J5: ='11'!B47 -> 8 | K5: ='11'!B91 -> 10 | L5: ='11'!B135 -> 20 | M5: ='11'!B179 -> 6 | N5: ='11'!B223 -> 5 | O5: ='11'!B267 -> 18 | P5: ='11'!B311 -> 18 | Q5: ='12'!B47 -> 11 | R5: ='12'!B91 -> 10 | S5: ='12'!B135 -> 4 | T5: ='12'!B179 -> 8 | U5: ='12'!B223 -> 10 | V5: ='12'!B267 -> 17 | W5: ='12'!B311 -> 19 | Y5: 1 | Z5: Bio | AA5: Mat-L | AB5: Mat-L | AC5: Fis | AD5: Geo | AE5: Geo | AF5: Geo | AG5: Bio | AH5: Bio | AI5: Bio | AJ5: Geo | AK5: Geo | AL5: Geo | AM5: Eko
B6: P | C6: ='10'!B48 -> 26 | D6: ='10'!B92 -> 26 | E6: ='10'!B136 -> 24 | F6: ='10'!B180 -> 23 | G6: ='10'!B224 -> 24 | H6: ='10'!B268 -> 24 | I6: ='10'!B312 -> 24 | J6: ='11'!B48 -> 28 | K6: ='11'!B92 -> 26 | L6: ='11'!B136 -> 16 | M6: ='11'!B180 -> 30 | N6: ='11'!B224 -> 31 | O6: ='11'!B268 -> 17 | P6: ='11'!B312 -> 18 | Q6: ='12'!B48 -> 25 | R6: ='12'!B92 -> 26 | S6: ='12'!B136 -> 32 | T6: ='12'!B180 -> 28 | U6: ='12'!B224 -> 26 | V6: ='12'!B268 -> 19 | W6: ='12'!B312 -> 13 | Y6: 2 | Z6: Kim | AA6: Fis | AB6: Fis | AC6: Kim | AD6: Eko | AE6: Eko | AF6: Sos | AG6: Fis | AH6: Fis | AI6: Fis | AJ6: Sos | AK6: Sos | AL6: Sos | AM6: B. Ing-L
B7: Isl | C7: ='10'!E47 -> 23 | D7: ='10'!E91 -> 21 | E7: ='10'!E135 -> 36 | F7: ='10'!E179 -> 35 | G7: ='10'!E223 -> 36 | H7: ='10'!E267 -> 36 | I7: ='10'!E311 -> 36 | J7: ='11'!E47 -> 34 | K7: ='11'!E91 -> 34 | L7: ='11'!E135 -> 30 | M7: ='11'!E179 -> 32 | N7: ='11'!E223 -> 29 | O7: ='11'!E267 -> 32 | P7: ='11'!E311 -> 34 | Q7: ='12'!E47 -> 33 | R7: ='12'!E91 -> 34 | S7: ='12'!E135 -> 36 | T7: ='12'!E179 -> 23 | U7: ='12'!E223 -> 33 | V7: ='12'!E267 -> 35 | W7: ='12'!E311 -> 27 | Y7: 3 | Z7: Antro | AA7: Kim | AB7: Inf | AC7: Bio | AD7: Sos | AE7: Antro | AF7: Bio | AG7: Kim | AH7: Kim | AI7: Kim | AJ7: Eko | AK7: Eko | AL7: Eko | AM7: B. Jpn
B8: Kri | C8: ='10'!E48 -> 13 | D8: ='10'!E92 -> 0 | E8: ='10'!E136 -> 0 | F8: ='10'!E180 -> 0 | G8: ='10'!E224 -> 0 | H8: ='10'!E268 -> 0 | I8: ='10'!E312 -> 0 | J8: ='11'!E48 -> 1 | K8: ='11'!E92 -> 2 | L8: ='11'!E136 -> 3 | M8: ='11'!E180 -> 3 | N8: ='11'!E224 -> 4 | O8: ='11'!E268 -> 1 | P8: ='11'!E312 -> 0 | Q8: ='12'!E48 -> 0 | R8: ='12'!E92 -> 1 | S8: ='12'!E136 -> 0 | T8: ='12'!E180 -> 6 | U8: ='12'!E224 -> 3 | V8: ='12'!E268 -> 1 | W8: ='12'!E312 -> 3 | Y8: 4 | Z8: Sos | AA8: Bio | AB8: B. Jerm | AC8: B. Ing-L | AD8: Ing-L | AE8: B. Jpn | AF8: B. Jpn | AG8: Mat-L | AH8: B. Jerm | AI8: Eko | AJ8: B. Jerm | AK8: Antro | AL8: B. Jpn | AM8: Antro
B9: Kat | C9: ='10'!E49 -> 0 | D9: ='10'!E93 -> 15 | E9: ='10'!E137 -> 0 | F9: ='10'!E181 -> 0 | G9: ='10'!E225 -> 0 | H9: ='10'!E269 -> 0 | I9: ='10'!E313 -> 0 | J9: ='11'!E49 -> 1 | K9: ='11'!E93 -> 0 | L9: ='11'!E137 -> 3 | M9: ='11'!E181 -> 1 | N9: ='11'!E225 -> 3 | O9: ='11'!E269 -> 2 | P9: ='11'!E313 -> 2 | Q9: ='12'!E49 -> 3 | R9: ='12'!E93 -> 1 | S9: ='12'!E137 -> 0 | T9: ='12'!E181 -> 7 | U9: ='12'!E225 -> 0 | V9: ='12'!E269 -> 0 | W9: ='12'!E313 -> 2 | Y9: 5
B10: Musik | C10: ='10'!E50 -> 19 | D10: ='10'!E94 -> 19 | E10: ='10'!E138 -> 0 | F10: ='10'!E182 -> 0 | G10: ='10'!E226 -> 36 | H10: ='10'!E270 -> 36 | I10: ='10'!E314 -> 36 | J10: ='11'!E50 -> 25 | K10: ='11'!E94 -> 26 | L10: ='11'!E138 -> 16 | M10: ='11'!E182 -> 23 | N10: ='11'!E226 -> 28 | O10: ='11'!E270 -> 20 | P10: ='11'!E314 -> 26 | Q10: ='12'!E50 -> 27 | R10: ='12'!E94 -> 20 | S10: ='12'!E138 -> 26 | T10: ='12'!E182 -> 31 | U10: ='12'!E226 -> 15 | V10: ='12'!E270 -> 24 | W10: ='12'!E314 -> 21
B11: Rupa | C11: ='10'!E51 -> 17 | D11: ='10'!E95 -> 17 | E11: ='10'!E139 -> 36 | F11: ='10'!E183 -> 35 | G11: ='10'!E227 -> 0 | H11: ='10'!E271 -> 0 | I11: ='10'!E315 -> 0 | J11: ='11'!E51 -> 11 | K11: ='11'!E95 -> 10 | L11: ='11'!E139 -> 20 | M11: ='11'!E183 -> 13 | N11: ='11'!E227 -> 8 | O11: ='11'!E271 -> 15 | P11: ='11'!E315 -> 10 | Q11: ='12'!E51 -> 9 | R11: ='12'!E95 -> 16 | S11: ='12'!E139 -> 10 | T11: ='12'!E183 -> 5 | U11: ='12'!E227 -> 21 | V11: ='12'!E271 -> 12 | W11: ='12'!E315 -> 11 | Y11: Isl | Z11: 1 | AA11: 1 | AB11: 1 | AC11: 1 | AD11: 1 | AE11: 1 | AF11: 1 | AG11: 1 | AH11: 1 | AI11: 1 | AJ11: 1 | AK11: 1 | AL11: 1 | AM11: 1
Y12: Kri | Z12: 1 | AA12: 1 | AB12: 1 | AC12: 1 | AD12: 1 | AE12: 1 | AH12: 1 | AJ12: 1 | AK12: 1 | AL12: 1 | AM12: 1
B13: Kokurikuler | C13: 1 | D13: 1 | E13: 1 | F13: 1 | G13: 1 | H13: 1 | I13: 1 | Y13: Kat | Z13: 1 | AB13: 1 | AC13: 1 | AD13: 1 | AE13: 1 | AF13: 1 | AG13: 1 | AH13: 1 | AJ13: 1 | AM13: 1
C14: Ihwan | D14: Win | E14: Yay | F14: Yay | G14: Im | H14: Im | I14: Ulin | J14: Debby | K14: April | L14: Sinta | M14: Pur | N14: Sinta | O14: Ihwan | P14: Angg | Q14: Dhi | R14: Dyah | S14: Pur | T14: Debby | U14: Debby | V14: Angg | W14: Angg
B16: Wali | C16: DP | D16: Win | E16: Yay | F16: Amir | G16: Deni | H16: Im | I16: Ulin | J16: Debby | K16: April | L16: Sinta | M16: Pur | N16: Can | O16: Nurul | P16: Angg | Q16: Dewi | R16: Dhi | S16: Agus | T16: Ratna | U16: Is | V16: Ari | W16: Dyah
C18: DP | D18: Win | E18: Yay | F18: Amir | G18: Deni | H18: Im | I18: Ulin | J18: Debby | K18: April | L18: Sinta | M18: Joko | N18: Nurul | O18: Ihwan | P18: Pur | Q18: Dewi | R18: Dyah | S18: Agus | T18: Ratna | U18: Is | V18: Can | W18: Angg
B19: Penjadwalan
B20: Hari | C20: Jam | D20: A | E20: B | F20: C | G20: D | H20: E | I20: Jml
B21: Senin | C21: 10 | I21: =SUM(D21:H21) -> 0
B22: Selasa | C22: 10 | I22: =SUM(D22:H22) -> 0
B23: Rabu | C23: 10 | I23: =SUM(D23:H23) -> 0
B24: Kamis | C24: 10 | I24: =SUM(D24:H24) -> 0 | AG24: SMAN 2 Wonosari
B25: Jumat | C25: 8 | I25: =SUM(D25:H25) -> 0 | AG25: Daftar Mapel Pilihan TA 2025/2026 (lama)
AG26: XII-A | AH26: XII-B | AI26: XII-C | AJ26: XII-D | AK26: XII-E | AL26: XII-F | AM26: XII-G
AG27: Bio | AH27: Bio | AI27: Eko | AJ27: B. Ing-L | AK27: B. Ing-L | AL27: B. Ing-L | AM27: Mat-L
AG28: Kim | AH28: Kim | AI28: Kim | AJ28: Antro | AK28: Sos | AL28: Sos | AM28: Antro
AG29: Sos | AH29: Sos | AI29: Inf | AJ29: Fis | AK29: Geo | AL29: Geo | AM29: Eko
AG30: B. Jerm | AH30: B. Jerm | AI30: B. Jpn | AJ30: Bio | AK30: Fis | AL30: Fis | AM30: B. Jpn
AG31: PKWU | AH31: PKWU | AI31: PKWU | AJ31: PKWU | AK31: PKWU | AL31: PKWU | AM31: PKWU
AG33: Daftar Mapel Pilihan TA 2026/2027 (baru)
AG34: XII-A | AH34: XII-B | AI34: XII-C | AJ34: XII-D | AK34: XII-E | AL34: XII-F | AM34: XII-G
AG35: Bio | AH35: Bio | AI35: Bio | AJ35: Geo | AK35: Geo | AL35: Geo | AM35: Eko
AG36: Fis | AH36: Fis | AI36: Fis | AJ36: Sos | AK36: Sos | AL36: Sos | AM36: B. Ing-L
AG37: Kim | AH37: Kim | AI37: Kim | AJ37: Eko | AK37: Eko | AL37: Eko | AM37: B. Jpn
AG38: Mat-L | AH38: B. Jerm | AI38: Eko | AJ38: B. Jerm | AK38: Antro | AL38: B. Jpn | AM38: Antro
